{
  "model": "speechbrain/mtl-mimic-voicebank",
  "device": "cuda",
  "sample_rate_hz": 16000,
  "chunk_samples": 1600,
  "chunk_duration_s": 0.1,
  "measure_seconds_target": 10.0,
  "measure_seconds_actual": 10.003082967999944,
  "audio_seconds_processed": 44.900000000000006,
  "chunks_processed": 449,
  "left_context_s": 1.0,
  "latency_ms": {
    "avg": 5.5619158129392074,
    "p50": 5.159033000381896,
    "p95": 5.657803199574118,
    "max": 160.29727299974184
  },
  "rtf_avg": 0.05561915812939206,
  "cpu_utilization_percent": 31.68216075122349,
  "gpu_utilization_percent": 20.966592427616927,
  "error": null,
  "notes": [
    "Uses SpeechBrain WaveformEnhancement.enhance_batch().",
    "Left-context wrapper uses past audio only (no lookahead)."
  ]
}