{
  "sample_rate_hz": 16000,
  "chunk_samples": 1600,
  "chunk_duration_s": 0.1,
  "measure_seconds_target": 10.0,
  "measure_seconds_actual": 10.01876217699828,
  "audio_seconds_processed": 39.900000000000006,
  "chunks_processed": 399,
  "latency_ms": {
    "avg": 3.922497581499515,
    "p50": 3.7224400002742186,
    "p95": 5.320430201390991,
    "max": 7.323433997953543
  },
  "rtf_avg": 0.03922497581499514,
  "cpu_utilization_percent": 151.4910066319923,
  "gpu_utilization_percent": 74.02506265664161,
  "error": null,
  "notes": [
    "CPU utilization is process_time / wall_time.",
    "GPU utilization uses nvidia-smi when available; otherwise null.",
    "DeepFilterNetStreaming runs at 48k; this script resamples 16k<->48k per chunk."
  ]
}