{
  "algo": "pyaec",
  "sample_rate_hz": 16000,
  "chunk_samples": 1600,
  "chunk_duration_s": 0.1,
  "frame_samples": 160,
  "measure_seconds_target": 10.0,
  "measure_seconds_actual": 10.067925251991255,
  "audio_seconds_processed": 10.100000000000001,
  "chunks_processed": 101,
  "latency_ms": {
    "avg": 4.04500113906786,
    "p50": 3.9792460011085495,
    "p95": 6.05570399784483,
    "max": 7.864361003157683
  },
  "rtf_avg": 0.040450011390678595,
  "cpu_utilization_percent": 467.5533331724908,
  "echo_corr": {
    "before_avg": 0.0,
    "after_avg": 0.0
  },
  "params": {
    "filter_length_samples": 6400
  },
  "error": null
}