{
  "algo": "aec-audio-processing",
  "sample_rate_hz": 16000,
  "chunk_samples": 1600,
  "chunk_duration_s": 0.1,
  "frame_samples": 160,
  "measure_seconds_target": 10.0,
  "measure_seconds_actual": 10.067882577001,
  "audio_seconds_processed": 10.100000000000001,
  "chunks_processed": 101,
  "latency_ms": {
    "avg": 0.6995185148397387,
    "p50": 0.6339499959722161,
    "p95": 1.4356500032590702,
    "max": 3.0244599911384284
  },
  "rtf_avg": 0.006995185148397386,
  "cpu_utilization_percent": 463.550473290302,
  "echo_corr": {
    "before_avg": 0.0,
    "after_avg": 0.0
  },
  "params": {
    "stream_delay_ms": 50
  },
  "error": null
}