{
  "algo": "aec-audio-processing",
  "sample_rate_hz": 16000,
  "chunk_samples": 1600,
  "chunk_duration_s": 0.1,
  "frame_samples": 160,
  "measure_seconds_target": 10.0,
  "measure_seconds_actual": 10.05346221900254,
  "audio_seconds_processed": 10.100000000000001,
  "chunks_processed": 101,
  "latency_ms": {
    "avg": 0.4392138219526093,
    "p50": 0.41504100227029994,
    "p95": 0.6128079985501245,
    "max": 0.7090970029821619
  },
  "rtf_avg": 0.004392138219526092,
  "cpu_utilization_percent": 75.5506041952738,
  "echo_corr": {
    "before_avg": 0.0,
    "after_avg": 0.0
  },
  "params": {
    "stream_delay_ms": 50
  },
  "error": null
}