{
  "sample_rate_hz": 16000,
  "chunk_samples": 1600,
  "chunk_duration_s": 0.1,
  "measure_seconds_target": 10.0,
  "measure_seconds_actual": 10.003012744999069,
  "audio_seconds_processed": 100.0,
  "chunks_processed": 1000,
  "latency_ms": {
    "avg": 0.17955735497707792,
    "p50": 0.17211149952345295,
    "p95": 0.3121508505500969,
    "max": 0.3769330014620209
  },
  "rtf_avg": 0.0017955735497707792,
  "cpu_utilization_percent": 8.392889096534669,
  "aec3_metrics_avg": {
    "erl_db": -30.0,
    "erle_db": 0.17551203072071075,
    "delay_ms": 104.0
  },
  "params": {
    "initial_delay_ms": 120,
    "frame_samples": 160
  },
  "error": null
}